"buyPrice","sellVolume","sellMovingWeek","productId","sellOrders","buyOrders","sellPrice","buyVolume","buyMovingWeek"
"12667.330101","2984717","149024","ABSOLUTE_ENDER_PEARL","418","642","8972.652227","123485","102143"
"729499.055556","4259","1793","ACACIA_BIRDHOUSE","160","339","364500.859829","2461","4918"
"208897960.707692","1762347","361876","AMALGAMATED_CRIMSONITE","951","92","135.873454","16463","267418"
"312999.588889","338570","7903","AMALGAMATED_CRIMSONITE_NEW","171","47","93208.644134","501","4186"
"699998.02381","1590","439","AMBER_MATERIAL","177","283","458678.273494","863","167"
"204.230622","10068310","17272047","ANCIENT_CLAW","419","1095","189.160409","1851903","1779746"
"4999998.65","371","410","AOTE_STONE","98","16","4132502.65","66","522"
"4745.014397","1143211","54896","ARACHNE_KEEPER_FRAGMENT","488","333","2294.1","83878","64485"
"0","0","0","BAZAAR_COOKIE","0","0","0","0","0"
"164830.463472","28953","56699","BEATING_HEART","803","3466","81262.829545","27635","52078"
"17.224387","6516551","40361745","BLAZE_ROD","201","89","13.860344","1324938","17033673"
"39998.63125","2071147","29750","BLAZE_ROD_DISTILLATE","479","34","3725.317219","1524","31651"
"538526.516667","10864","2528","BLAZE_WAX","804","90","360661.946792","450","4623"
"213.359348","2401832","1620136","BLESSED_BAIT","216","530","100.271436","790638","1144100"
"1169790.8","1114","406","BLESSED_FRUIT","93","38","898261.108696","121","673"
"6984.340215","572196","91502","BLUE_SHARK_TOOTH","145","208","1880.293303","134573","80734"
"2.430598","4029697","33266264","BONE","87","924","1.218417","6173457","8149245"
"3285694.669154","276970","78416","BOOSTER_COOKIE","11091","3178","2976051.524437","44586","87471"
"5.321251","730570","25558842","BROWN_MUSHROOM","19","183","2.9","2732823","5640058"
"260339.069231","7444","273","BULKY_STONE","197","178","107507.838415","373","155"
"1.354619","1434038","42600101","CACTUS","38","1262","1","43287265","16398605"
"997.992025","9917","8349","CANDY_CORN","54","307","120.290148","3353","2803"
"48.07412","3968666","1150499","CARROT_BAIT","176","262","15.004721","454026","1312253"
"2.634489","5145114","59267295","CARROT_ITEM","83","1309","1.638495","17863255","33736591"
"146682.718068","791691","151678","CATALYST","814","315","96961.874482","120939","40981"
"16623.59038","5612718","148673","CHEESE_FUEL","1111","1080","3003.505184","670785","153373"
"3.664854","7073956","61716106","CLAY_BALL","145","899","2.505624","6755321","27955934"
"5.794783","32279944","360620878","COAL","551","1350","4.156779","17680866","25672743"
"2.998943","4907132","84775614","COBBLESTONE","90","1478","2.257299","7547093","26366979"
"714999.185484","2541295","6568","COLOSSAL_EXP_BOTTLE","981","49","26275.915878","1721","9971"
"3364.08895","7253","38933","COMPACTOR","137","1895","2572.941176","26614","39181"
"1298999.655","680140","1694","CONCENTRATED_STONE","419","22","754175.35038","961","4304"
"29.697274","2537012","2173931","CORRUPTED_BAIT","96","2518","10.222754","4644848","1814267"
"628.635488","26342518","11772913","CRUDE_GABAGOOL","1019","406","325.96854","552503","9638422"
"102945.13945","346976","17187","CRUDE_GABAGOOL_DISTILLATE","272","35","65140.687786","1228","20719"
"21299999.825","35597","848","DAEDALUS_STICK","638","58","5721351.906824","163","463"
"1159.3172","1391622","1268832","DARK_BAIT","255","791","837.311776","536595","721080"
"1215649.042308","8009","8933","DARK_ORB","448","305","1174645.616514","1264","9322"
"6440566.930435","3198","534","DEEP_SEA_ORB","173","356","5400000.65","3258","611"
"2024.790076","5560156","4367233","DERELICT_ASHE","508","677","1515.989964","741495","2765345"
"14.274475","8534533","194023876","DIAMOND","243","838","7.5","4268299","11066226"
"11012.936066","2972","2420","DIAMOND_ATOM","29","558","6068.4","5543","1359"
"1449999.9","321","162","DIAMONITE","57","16","1000002.114286","60","233"
"0","6879","159","DIRT_BOTTLE","117","36","0","160","168"
"1122699.084783","1355","3632","DRAGON_CLAW","83","291","701000.4","1502","4303"
"7528081.4","298","391","DRAGON_HORN","21","34","6706599.842857","84","485"
"37423.225","26851","3071","DRAGON_SCALE","304","328","7468.584045","2797","2931"
"421401.538272","4736","4810","DWARVEN_COMPACTOR","342","1451","379684.61129","15660","7278"
"12533146.4","10818","379","ECCENTRIC_PAINTING","345","48","4854723.077419","234","469"
"123478.188679","499903","30242","ECTOPLASM","334","10","80491.783434","516","39889"
"6.701492","4272585","39366415","EMERALD","96","790","5.042509","3695872","22689435"
"1632.428136","2026839","2420088","ENCHANTED_ACACIA_LOG","243","2105","1308.812455","1372363","1732699"
"2570.34949","3693727","274385","ENCHANTED_ANCIENT_CLAW","515","585","1672.311138","383209","92928"
"37823.23257","1025033","299024","ENCHANTED_BAKED_POTATO","882","416","35258.703731","85944","229161"
"367.082364","73962","1765098","ENCHANTED_BIRCH_LOG","8","901","331.324857","1245304","1728466"
"2895.94979","953058","2020479","ENCHANTED_BLAZE_POWDER","163","1356","2200.938338","1175832","1993905"
"370972.52845","3454913","27993","ENCHANTED_BLAZE_ROD","668","922","29397.726037","154468","45259"
"420.554721","1089232","2501131","ENCHANTED_BONE","122","763","363.122452","705566","1731652"
"129090.671645","56383","2316","ENCHANTED_BONE_BLOCK","256","91","53379.770452","46491","7094"
"62.998879","1933399","1540709","ENCHANTED_BREAD","90","380","49.92576","523148","230165"
"657.377117","6157909","1648573","ENCHANTED_BROWN_MUSHROOM","299","579","596.122804","1001380","469813"
"121956.727703","124431","4225","ENCHANTED_CACTUS","486","29","94497.284808","1711","8490"
"1155.176295","1572563","675378","ENCHANTED_CACTUS_GREEN","297","546","895.471295","666937","1204900"
"3313.1","446752","2926","ENCHANTED_CAKE","258","86","971.708917","1375","464"
"1545.68805","5060465","27008613","ENCHANTED_CARROT","297","2560","253.782803","23200290","6465289"
"0","0","0","ENCHANTED_CARROT_ON_A_STICK","0","0","0","0","0"
"29999.213433","35191","967","ENCHANTED_CARROT_STICK","501","172","9652.672162","2766","779"
"3747.7057","955355","190727","ENCHANTED_CHARCOAL","407","232","1042.146088","101720","186741"
"10132.849989","7583662","180086999","ENCHANTED_CLAY_BALL","623","3598","466.874143","35020735","25264555"
"3201.87995","37830","563057","ENCHANTED_CLOWNFISH","21","204","3165.3","30648","76463"
"950.409225","2665218","5770058","ENCHANTED_COAL","219","521","811.728921","477301","4609164"
"133014.65","649382","80147","ENCHANTED_COAL_BLOCK","470","31","62300.18645","2038","51504"
"530.397481","8263648","27813823","ENCHANTED_COBBLESTONE","544","3887","511.161516","6945378","8765938"
"481.709654","2437241","10055519","ENCHANTED_COCOA","105","1234","452.958857","2070983","1461049"
"267565.662945","519883","12497","ENCHANTED_COOKED_FISH","138","803","91232.159572","100239","23718"
"129720.773657","124809","6070","ENCHANTED_COOKED_MUTTON","275","163","83970.690957","9965","4799"
"256280.071084","20256","3282","ENCHANTED_COOKED_SALMON","35","87","252100.922551","4074","546"
"64132.8","21729","11105","ENCHANTED_COOKIE","66","38","56208.729847","5071","22288"
"589.8","2113731","2625943","ENCHANTED_DARK_OAK_LOG","152","1268","512.436425","1452223","2340989"
"1294.440559","14017742","49944616","ENCHANTED_DIAMOND","1221","1404","1269.995247","1914689","6709346"
"205927.593654","118306157","796031","ENCHANTED_DIAMOND_BLOCK","15553","964","21123.232898","228932","499778"
"1331.827778","437487","853504","ENCHANTED_EGG","52","246","1176.616624","51760","117141"
"1031.818388","994909","1834683","ENCHANTED_EMERALD","164","665","945.507507","372143","1457631"
"155602.882677","2295042","22460","ENCHANTED_EMERALD_BLOCK","732","145","20126.895719","5660","16904"
"152","3417279","11505110","ENCHANTED_ENDER_PEARL","263","247","139.023076","96292","4130767"
"696.433914","2510755","1272778","ENCHANTED_ENDSTONE","359","865","634.194956","573188","1107670"
"4113.286211","1046370","509632","ENCHANTED_EYE_OF_ENDER","822","652","3171.984999","257869","587355"
"537.006552","551392","2583260","ENCHANTED_FEATHER","56","270","247.553276","316355","610633"
"67438.420683","1406613","69520","ENCHANTED_FERMENTED_SPIDER_EYE","442","215","6551.058288","75285","71914"
"127468.849573","1121867","4787","ENCHANTED_FIREWORK_ROCKET","661","68","82661.041651","8772","3076"
"2816.287512","1676367","4165721","ENCHANTED_FLINT","388","2411","2636.440534","1735286","1778893"
"273.080068","913975","18809590","ENCHANTED_GHAST_TEAR","54","4869","242.9","9662803","15452851"
"4087.354774","1054407","24969","ENCHANTED_GLISTERING_MELON","279","281","1297.147498","101729","24720"
"64115.881853","404195","45448","ENCHANTED_GLOWSTONE","404","388","59722.523797","171172","50982"
"1497.20414","1729461","3568755","ENCHANTED_GLOWSTONE_DUST","320","1408","1184.970571","1288722","3819094"
"786.445619","2695343","17872569","ENCHANTED_GOLD","205","3580","689.804749","6579132","5252960"
"124527.763183","3242373","198233","ENCHANTED_GOLD_BLOCK","704","1987","28528.142961","622264","190100"
"40909.53566","677635","93656","ENCHANTED_GOLDEN_CARROT","298","130","13264.062777","57269","160243"
"188716.8745","342517","14677","ENCHANTED_GRILLED_PORK","435","111","32442.406344","18722","10534"
"1487.174865","412355","801521","ENCHANTED_GUNPOWDER","20","852","1167.629936","652135","668708"
"2293.778618","6710632","3941266","ENCHANTED_HARD_STONE","413","269","1877.758604","156680","996462"
"3820.997777","1161069","479519","ENCHANTED_HAY_BLOCK","425","1503","3500.054741","604524","522493"
"2482.402212","1249460","5069","ENCHANTED_HUGE_MUSHROOM_1","228","256","2072.779844","76742","868"
"19999.995746","3238910","11783","ENCHANTED_HUGE_MUSHROOM_2","635","17","2497.365712","8784","9200"
"818.809355","79323","3774629","ENCHANTED_ICE","13","791","809.4","507802","1633880"
"83999.580952","42498","32623","ENCHANTED_INK_SACK","28","75","77611.255143","9730","50934"
"1244.010121","6283574","6784358","ENCHANTED_IRON","578","635","1138.18","271601","3728417"
"192737.344783","1153199","106001","ENCHANTED_IRON_BLOCK","580","298","112348.145017","35760","87122"
"1008.832685","825054","2425351","ENCHANTED_JUNGLE_LOG","163","1788","850.336135","1691510","2243300"
"536.854322","3551498","21004038","ENCHANTED_LAPIS_LAZULI","209","3523","493.547482","4920628","7377494"
"45162.394088","1359394","534095","ENCHANTED_LAPIS_LAZULI_BLOCK","1141","1541","8296.386077","201723","197182"
"283838.094737","412478","44141","ENCHANTED_LAVA_BUCKET","1886","59","231243.525305","668","80724"
"14162.86853","465625","783927","ENCHANTED_LEATHER","255","1019","13292.163809","480415","863991"
"1479.302781","2254067","2501545","ENCHANTED_MAGMA_CREAM","176","401","1275.448007","840336","2611861"
"179.760889","4696709","6252470","ENCHANTED_MELON","219","1092","153.843451","1585209","5083464"
"25636.463448","2595027","361776","ENCHANTED_MELON_BLOCK","1216","695","25050.687565","143988","128850"
"1612.931179","3104829","24355992","ENCHANTED_MITHRIL","338","1788","1572.263575","11177959","3956488"
"2684.67065","287108","1330399","ENCHANTED_MUTTON","45","2508","2459.930691","2220396","1765354"
"3746.838075","1050518","1410287","ENCHANTED_MYCELIUM","444","1927","3148.32864","624832","1121896"
"604999.297059","926191","2295","ENCHANTED_MYCELIUM_CUBE","283","59","135156.002836","731","3318"
"329.545291","18315343","20073581","ENCHANTED_NETHER_STALK","405","1046","315.113787","2106901","2414887"
"201.732175","1077915","377259","ENCHANTED_NETHERRACK","66","838","160.603288","1709594","253970"
"1102.279928","182415","5638437","ENCHANTED_OAK_LOG","19","1565","1063.602075","2042884","5158428"
"2670.501201","1536684","10283200","ENCHANTED_OBSIDIAN","407","2924","2497.47628","3268467","3558103"
"126702.742757","165939","92890","ENCHANTED_PACKED_ICE","158","265","87705.993601","20581","63369"
"421.082778","539903","303204","ENCHANTED_PAPER","44","497","138.88497","311704","332783"
"1373.704468","1198692","902615","ENCHANTED_PORK","374","1602","1255.828214","1037978","961808"
"242.791943","4850986","7827706","ENCHANTED_POTATO","245","1202","215.195374","1770375","2038218"
"420.768258","1475335","1002660","ENCHANTED_PRISMARINE_CRYSTALS","104","403","381.6","163633","100687"
"403.438035","4598601","1023635","ENCHANTED_PRISMARINE_SHARD","285","246","369.594364","134246","125737"
"2450.456624","792115","1534525","ENCHANTED_PUFFERFISH","119","459","2354.517361","178614","298201"
"860.77109","115808","2786795","ENCHANTED_PUMPKIN","25","1381","818.60469","1003781","1237798"
"2465.798838","2398383","6465282","ENCHANTED_QUARTZ","256","538","2413.500736","309441","2025358"
"397614.90597","877891","93374","ENCHANTED_QUARTZ_BLOCK","367","251","145058.19569","19518","70527"
"644.057861","11212657","1544334","ENCHANTED_RABBIT","492","376","613.966858","316195","509698"
"1526.205695","3545211","533223","ENCHANTED_RABBIT_FOOT","456","2229","960.209229","1331371","597477"
"14630.162212","143657","114733","ENCHANTED_RABBIT_HIDE","75","898","13054.259144","274996","138276"
"661.136448","2856998","3127416","ENCHANTED_RAW_BEEF","160","946","617.785306","766608","2555791"
"662.46825","5338050","2546115","ENCHANTED_RAW_CHICKEN","218","778","616.640949","1447369","2026025"
"2497.450161","1418804","3775698","ENCHANTED_RAW_FISH","262","702","2056.23005","866661","3649148"
"1688.949929","1931962","2247573","ENCHANTED_RAW_SALMON","316","753","1585.384745","302456","255035"
"669.988645","2461611","1678956","ENCHANTED_RED_MUSHROOM","134","171","617.06867","629373","1015992"
"7988.684523","4105645","540894","ENCHANTED_RED_SAND","1553","636","4569.718693","178201","468240"
"1374904.7","458953","1474","ENCHANTED_RED_SAND_CUBE","54","69","555085.06856","277","1559"
"258.992228","3652041","11462247","ENCHANTED_REDSTONE","246","926","223.803256","1895402","6929039"
"41115.111319","933679","349349","ENCHANTED_REDSTONE_BLOCK","513","541","32612.496051","45989","254088"
"68912.2","146340","5719","ENCHANTED_REDSTONE_LAMP","242","21","53850.692859","2775","5994"
"807.273571","944910","7545548","ENCHANTED_ROTTEN_FLESH","133","2553","654.647487","2840227","4819068"
"744.408503","1866351","1387531","ENCHANTED_SAND","276","370","593.045209","222799","1270326"
"80.22406","5531425","2676932","ENCHANTED_SEEDS","196","324","70.2","305216","240716"
"94679.540741","39292","2856","ENCHANTED_SHARK_FIN","58","126","64706.568434","20399","4839"
"849.770748","2304678","3568127","ENCHANTED_SLIME_BALL","177","1188","779.556367","1814205","2982598"
"133151.447607","362300","24375","ENCHANTED_SLIME_BLOCK","317","121","6363.152744","19181","15295"
"436943.961045","1300076","130985672","ENCHANTED_SNOW_BLOCK","75","1412","586.766416","9371727","16529896"
"951.799959","1526855","5699037","ENCHANTED_SPIDER_EYE","98","1868","771.493543","1975563","1990123"
"2039.97111","2680203","1272958","ENCHANTED_SPONGE","241","794","1939.731432","231750","176584"
"1313.452397","2177348","2158215","ENCHANTED_SPRUCE_LOG","194","1971","1029.018077","1634848","2141059"
"1014.452335","290309","11984802","ENCHANTED_STRING","44","2585","965.503487","2138318","3831780"
"344.877487","8043718","17110350","ENCHANTED_SUGAR","180","397","317.986068","344949","1738344"
"53252.952632","991832","402615","ENCHANTED_SUGAR_CANE","367","91","51269.386774","11997","377034"
"8792.79416","2772604","1002934","ENCHANTED_SULPHUR","382","3189","4331.394306","1087526","866137"
"1511750.35","177912","2112","ENCHANTED_SULPHUR_CUBE","74","72","173602.685308","516","2258"
"9098.057279","40854","473464","ENCHANTED_TITANIUM","87","141","8378.587338","47305","535602"
"21942.256883","116249","45792","ENCHANTED_WATER_LILY","56","308","16001","227936","64352"
"83423.1","368401","16274","ENCHANTED_WET_SPONGE","483","156","75224.68199","14325","10315"
"225999.5","17188","3592","END_STONE_SHULKER","804","137","154024.983924","1057","3971"
"22727.485012","66580","64053","ENDER_MONOCLE","894","2145","10253.918857","19777","64885"
"534888.217104","3944086","206595696","ENDER_PEARL","105","3104","5.23616","54387709","17848343"
"4.680139","1131213","13997518","ENDER_STONE","32","522","2.3","2285899","6620546"
"6732.364615","12690","1739","ENDSTONE_GEODE","115","686","1197.661739","6414","1251"
"36.9","3519990","1060940","EXP_BOTTLE","219","202","25.971803","771347","1439665"
"5","1608236","8022045","FEATHER","39","30","2.1","209758","4423259"
"23697.150496","751870","85393","FINE_AMBER_GEM","163","156","6655.842553","41538","82546"
"23349.610522","464992","137827","FINE_AMETHYST_GEM","196","436","13917.143973","107028","106880"
"19234.106952","2663220","226044","FINE_JADE_GEM","623","397","15043.173069","220893","107129"
"54388.488705","1045546","101309","FINE_JASPER_GEM","427","74","17648.458993","7961","114074"
"26999.859756","633774","30843","FINE_OPAL_GEM","457","56","22192.182698","1744","14309"
"19698.382798","4805954","162187","FINE_RUBY_GEM","522","257","12024.029378","73889","164214"
"23408.976418","985948","189593","FINE_SAPPHIRE_GEM","66","460","8794.820942","223203","181550"
"22498.577289","918514","221713","FINE_TOPAZ_GEM","341","135","13054.017811","65606","157639"
"95.93197","4832804","8357437","FISH_BAIT","235","2060","64.31933","3798866","10310483"
"277.763862","2366871","3656616","FLAWED_AMBER_GEM","62","432","238.767563","727265","64490"
"309.129534","11596324","5984063","FLAWED_AMETHYST_GEM","331","441","243.729012","487231","31942"
"256.830777","11724007","19717879","FLAWED_JADE_GEM","261","179","236.458585","403998","77391"
"677.690506","9667565","3832347","FLAWED_JASPER_GEM","292","340","615.243315","501725","82844"
"342.784141","8798089","779272","FLAWED_OPAL_GEM","286","644","249.948891","337144","24254"
"270.466764","13687360","14982724","FLAWED_RUBY_GEM","330","806","237.28985","1137758","602970"
"324.675596","5225371","7692727","FLAWED_SAPPHIRE_GEM","131","365","221.612476","538369","196755"
"808.910276","6852920","8105130","FLAWED_TOPAZ_GEM","170","272","254.646383","505414","134101"
"2176185.055556","192154","2560","FLAWLESS_AMBER_GEM","1171","26","1461117.979734","270","3569"
"1694990.1","5554","1725","FLAWLESS_AMETHYST_GEM","241","60","1174505.873292","378","3915"
"1563170.192982","95453","4794","FLAWLESS_JADE_GEM","369","20","1436563.990256","367","5039"
"4255256.390909","1196","3498","FLAWLESS_JASPER_GEM","132","52","3841573.596154","513","6425"
"2543570.057143","317661","752","FLAWLESS_OPAL_GEM","239","259","2023208.379412","1189","382"
"1630902.614286","91997","2818","FLAWLESS_RUBY_GEM","120","45","1240621.186957","556","5994"
"2014565.693939","72598","3021","FLAWLESS_SAPPHIRE_GEM","14","59","529306.887453","887","7791"
"1759528","320343","3464","FLAWLESS_TOPAZ_GEM","202","38","1661060.738636","126","3795"
"20.392271","4656114","10025485","FLINT","115","319","14.626563","369564","2801377"
"25595.414738","1404608","293823","FOUL_FLESH","1097","326","3631.98975","94264","167334"
"29556.734086","106923","73524","FUEL_GABAGOOL","73","168","19274.602699","39810","112908"
"1069818.698529","78386","23236","FUMING_POTATO_BOOK","2343","1080","752237.104855","3351","28773"
"2423112.5","11378","4433","FURBALL","1079","114","1831477.980349","219","5183"
"44.987751","2326408","8487674","GHAST_TEAR","103","1617","29.231791","3966177","4559005"
"400000","11500","2844","GIANT_TOOTH","325","36","242429.777328","208","4236"
"15.825769","5057458","30845369","GLOWSTONE_DUST","154","159","12.652129","1326239","24715021"
"5969.811287","1846147","27627","GLOWSTONE_DUST_DISTILLATE","387","596","2308.331496","66317","15824"
"4357.148498","3277537","449384","GOBLIN_EGG","927","1221","3368.637924","347481","518622"
"519997.563636","984434","1472","GOBLIN_EGG_BLUE","903","76","239428.192485","531","990"
"7895.902008","1094369","40771","GOBLIN_EGG_GREEN","411","356","2232.682901","20640","29074"
"24554.999608","685783","6048","GOBLIN_EGG_RED","844","29","10764.475093","1375","5404"
"66383.37027","543984","12106","GOBLIN_EGG_YELLOW","397","102","21415.769323","3593","4938"
"4.435224","4199992","189698562","GOLD_INGOT","99","1431","3.394483","12680791","19042981"
"1097999","3876","134","GOLDEN_BALL","223","74","496228.077647","581","444"
"60994.371628","620521","95604","GOLDEN_TOOTH","144","354","23507.045222","119825","157226"
"3455.322923","1361995","1760009","GRAND_EXP_BOTTLE","3854","1939","3278.813712","1117400","4406414"
"5.83203","994473","9148975","GRAVEL","28","220","2.5","2802881","6769177"
"1609175.675","26297","536","GREAT_WHITE_SHARK_TOOTH","1455","300","1126180.999518","2336","1598"
"948.568332","25123101","2253565","GREEN_CANDY","1119","2986","608.14524","3691503","1368753"
"10792.334562","32346","75747","GREEN_GIFT","38","1116","9815.078175","738006","103471"
"65824.020833","7952983","821707","GRIFFIN_FEATHER","1733","4078","5010.163377","1680657","437762"
"20704.024734","2271400","351715","HAMSTER_WHEEL","1303","498","19714.494591","179860","139377"
"5.066226","15883619","544067862","HARD_STONE","234","852","1.918204","12864465","11304137"
"12569.087113","11579","11533","HARDENED_WOOD","102","933","4202.211419","18363","5545"
"36.951773","2628765","4664272","HAY_BLOCK","108","1094","21.003815","2480185","3093945"
"256135.8","12752","8400","HAZMAT_ENDERMAN","338","185","167808.02996","849","8435"
"979995.7","1529","4046","HEAVY_GABAGOOL","57","39","718001.2","328","4406"
"2498.536827","4796751","1544203","HOLY_FRAGMENT","1284","688","2129.513973","67340","155703"
"1090108.088095","3933","991","HORNS_OF_TORMENT","97","320","730417.452941","1701","1176"
"546.616957","588771","2559510","HOT_BAIT","143","2757","340.33343","3131776","2803909"
"42295.427606","49878","102487","HOT_POTATO_BOOK","1484","6417","37340.356229","128054","482151"
"104531.529167","4192","1699","HOT_STUFF","118","396","55395.191304","4346","1270"
"3.7","1928291","796804","HUGE_MUSHROOM_1","32","222","1.3","851504","283268"
"9.46099","930828","420261","HUGE_MUSHROOM_2","29","965","2.137506","1165120","108753"
"147081.127053","922056","64811","HYPER_CATALYST","573","1695","112173.950557","835916","123894"
"31249999.7","8263","88","HYPERGOLIC_GABAGOOL","322","10","2291369.235495","39","227"
"6.401808","4748343","24921624","ICE","99","765","4.09103","7448451","8542502"
"41.995198","3658331","2018268","ICE_BAIT","134","791","16.7","3710351","1150840"
"0","10296","0","INFERNO_APEX","368","0","4597025.545254","0","0"
"172999999.5","305248","15","INFERNO_VERTEX","57","5","29268.722773","5","73"
"990.741487","8032487","8585680","INK_SACK","551","323","980.788182","232429","692661"
"4.273432","2116870","26226154","INK_SACK:3","48","1610","2.4","4581263","8433709"
"3.2","5237110","86304536","INK_SACK:4","92","217","2.026149","2437832","17084413"
"7.399687","5004865","92377605","IRON_INGOT","98","869","6.6","3891466","12947708"
"10907.32062","3578239","631476","JACOBS_TICKET","2313","681","9869.671171","123627","706902"
"4701419.35","3169","971","JADERALD","714","39","2643931.983333","58","1418"
"128732.630975","102300","3946","JERRY_BOX_BLUE","69","604","93853.69043","84166","6723"
"1439125.452959","38708","551","JERRY_BOX_GOLDEN","917","953","1124169.518974","16764","3327"
"98995.000122","565653","7320","JERRY_BOX_GREEN","418","276","10599.525021","81668","25510"
"419125.287537","1172719","7415","JERRY_BOX_PURPLE","281","1230","6937.390946","117108","10797"
"19103.886207","17699","1873","JERRY_STONE","198","506","3505.30022","4755","1135"
"0","8208","0","KUUDRA_MANDIBLE","255","0","157502.556989","0","0"
"54.632642","10203","28926","LAPIS_CRYSTAL","55","371","4.356064","6974","14936"
"30.223164","2244228","19718264","LEATHER","92","1275","23.500546","7331963","10955635"
"117.265164","1373601","1442951","LIGHT_BAIT","113","1095","62.733869","1073765","929242"
"6.822666","1901418","31744478","LOG","52","803","4.7","2012829","11293644"
"12.186683","3908510","27444520","LOG_2","80","776","8.240344","1704281","5099241"
"4.396037","1659714","29885743","LOG_2:1","37","300","2.211779","3281926","8214033"
"6.678594","1563466","23454851","LOG:1","36","749","4.2","2045122","5290195"
"6.956717","6103909","17187832","LOG:2","110","230","2.291566","958664","6029021"
"9.272242","975967","22002926","LOG:3","25","793","5.8","5995405","11385167"
"1144755.516197","3312","246","LUCKY_DICE","143","369","970081.366197","6589","1775"
"1335543.62619","9695","8142","LUXURIOUS_SPOOL","825","545","1252405.995673","2014","14164"
"1868993.166667","10294","5483","MAGMA_BUCKET","566","258","1703831.508627","2085","5780"
"9.877599","6409960","18613126","MAGMA_CREAM","107","399","6.789082","2649152","4188454"
"7357.960903","1765073","33944","MAGMA_CREAM_DISTILLATE","324","707","1254.711809","97415","24104"
"299.423651","7541578","45966948","MAGMA_FISH","214","316","201.941311","294421","2401650"
"155666666","22009","1","MAGMA_FISH_DIAMOND","750","1","496756.506077","1","1"
"1956878.307143","476848","6627","MAGMA_FISH_GOLD","121","83","511427.016613","570","13630"
"24464.790777","2658888","1679412","MAGMA_FISH_SILVER","1079","819","7812.538474","157050","1569558"
"2718250.866667","6674","7512","MAGMA_URCHIN","768","80","1260359.374684","142","9244"
"0","8224","0","MANDRAA","671","0","360231.168485","0","0"
"2.631616","1785212","43243427","MELON","29","1386","1.7","28163064","20200737"
"27.916829","2489426","4980194","MELON_BLOCK","61","795","15.752628","2051405","5844908"
"1864500.9","2093","374","METEOR_SHARD","42","49","1082775.496552","143","367"
"26999.572222","1959","1884","MIDAS_JEWEL","20","303","11001.2","1791","923"
"16.265354","3319834","669075","MINNOW_BAIT","127","342","9.689408","304309","328239"
"11.447492","17243430","370788032","MITHRIL_ORE","296","185","9.026414","1152450","4340913"
"0","2395","189","MOIL_LOG","52","82","0","378","102"
"1034.474016","16961","11154","MOLTEN_CUBE","106","548","29.42011","6125","6386"
"681999.833333","853409","15975","MOLTEN_POWDER","330","38","486882.711409","2355","20938"
"53346.317186","1837169","347057","MUTANT_NETHER_STALK","745","236","50505.153718","34157","127586"
"19.963261","1423446","4029068","MUTTON","66","898","6.046739","1363744","2789627"
"48.123468","1840671","23347322","MYCEL","109","2093","27.6","5594531","13293798"
"49011.051908","50587","18867","NECROMANCER_BROOCH","1102","889","35374.308287","5653","22374"
"4.515239","1420655","129638920","NETHER_STALK","43","2163","2.829001","46885488","99467637"
"5957.127809","1380547","30223","NETHER_STALK_DISTILLATE","234","348","3121.234637","40635","22473"
"1","337116","7042976","NETHERRACK","13","598","0.302668","3604760","3391700"
"34411.697698","1379264","21401","NULL_ATOM","823","40","28196.993756","2669","11667"
"204866.298824","1043596","123126","NULL_OVOID","414","84","158086.971593","18326","173514"
"894.271769","9378622","40756699","NULL_SPHERE","622","713","809.704133","1786129","5611350"
"8999.4","336898","39005","NURSE_SHARK_TOOTH","196","91","3714.330844","29068","42321"
"17.110993","7372068","55311027","OBSIDIAN","191","541","15.190829","864967","9547613"
"1638523.884615","2369","293","OBSIDIAN_TABLET","202","35","1085262.531034","185","636"
"2550.967952","1979899","131978","OLD_FRAGMENT","339","443","2165.799307","45334","56998"
"1937473.194444","7617","335","OMEGA_EGG","427","116","1313430.103226","1277","871"
"55.78773","7586","20269","ONYX","46","635","9.021866","16210","6007"
"974.4","10691","9240","OPTICAL_LENS","73","108","40.587645","1042","7538"
"46.468414","4547791","33699888","PACKED_ICE","117","1781","41.2","3398289","16885736"
"5877184.135294","1556433","2396","PERFECT_AMBER_GEM","351","36","50628.802232","420","3511"
"9683329.166667","156658","777","PERFECT_AMETHYST_GEM","190","28","14883.430687","82","659"
"9939907.9","1549356","2361","PERFECT_JADE_GEM","183","15","14820.591393","233","3297"
"12103044.3","24689512","6272","PERFECT_JASPER_GEM","2699","110","81746.059339","882","6767"
"12249999.866667","1166454","222","PERFECT_OPAL_GEM","572","33","1004208.247329","118","140"
"8866732.672727","146369","782","PERFECT_RUBY_GEM","28","52","12723.652703","378","681"
"11799999.88","142203","1558","PERFECT_SAPPHIRE_GEM","34","39","19626.598529","245","2094"
"10774998.133333","2524910","2154","PERFECT_TOPAZ_GEM","473","36","15802.845389","258","2911"
"128996.293333","12107","1109","PETRIFIED_STARFALL","252","353","41770.654122","1425","639"
"4893530.574359","44198","2915","PLASMA_BUCKET","1840","382","2656054.219468","3135","4138"
"143409.999441","190245","11422","POLISHED_PUMPKIN","323","78","123420.18223","2490","9210"
"10.967388","2119894","7075951","PORK","68","20","7.1","631554","5228279"
"3.169576","4870131","62552718","POTATO_ITEM","87","1149","1.567955","15398309","36689572"
"190517.373196","71526","10418","POWER_CRYSTAL","767","43","124554.705451","3849","40683"
"1900909.6","3688","317","PRECIOUS_PEARL","302","113","1001706.194805","380","295"
"746659.627857","8099","25856","PRECURSOR_GEAR","350","2024","670203.841209","6560","31808"
"498.939785","725","65689","PREMIUM_FLESH","5","527","0.4","21677","35364"
"60.324436","3641167","16602920","PRISMARINE_CRYSTALS","206","580","52.192499","1230336","2635955"
"3.997988","1419063","17254075","PRISMARINE_SHARD","37","313","2.497356","2094368","2544408"
"2558.514428","2392920","150382","PROTECTOR_FRAGMENT","363","379","2309.915573","127605","70315"
"5.05677","2117043","31170986","PUMPKIN","53","444","3.781799","2021928","7459486"
"59993.398158","1269","5874","PUMPKIN_GUTS","14","45","34707.4","12913","13688"
"2499988.6","3837","147","PURE_MITHRIL","484","11","693175.532911","52","258"
"8753.35457","4194944","607609","PURPLE_CANDY","701","1079","7819.968613","712519","354832"
"20","6183349","31365722","QUARTZ","185","588","14.761002","2694220","15278087"
"12.456071","1167142","4442906","RABBIT","43","314","7.695519","1212864","3076631"
"11.363314","3129392","1877658","RABBIT_FOOT","77","706","5.923601","719407","559174"
"23.6","2275514","4630735","RABBIT_HIDE","49","54","20.4","387987","4456238"
"2.384627","0","36843","RARE_DIAMOND","0","763","0","25567","26538"
"9.260001","2445842","11687306","RAW_BEEF","51","1189","4.812402","3293002","6772441"
"5.4","1698208","7548028","RAW_CHICKEN","43","510","3.720749","3387621","4224514"
"15.942614","2411054","69399508","RAW_FISH","66","991","14.555398","5949328","23160260"
"10.8","7736595","39443625","RAW_FISH:1","157","318","9.2","1508572","4111994"
"21.008763","8484231","24777733","RAW_FISH:2","192","647","18.024881","2485016","472967"
"15.543392","4368022","28850461","RAW_FISH:3","82","751","12.50087","2487326","1528665"
"196.475301","3357973","2035698","RAW_SOULFLOW","205","746","118.11936","874313","1556357"
"500000000","8061","0","REAPER_PEPPER","363","1","1184494.006468","2","1"
"5891691.00411","994074","20888","RECOMBOBULATOR_3000","14343","701","1573121.032435","3398","25295"
"45747.458932","109208","96553","RED_GIFT","106","744","38600.782863","129891","115386"
"4.05463","2275405","32987882","RED_MUSHROOM","43","718","2.104951","3615994","4401266"
"738.051685","13716","8992","RED_NOSE","109","357","101.196528","4420","4629"
"349997.9","8764","2325","RED_SCARF","452","166","301219.013793","731","3126"
"1.426027","3350233","133965966","REDSTONE","54","394","1.007639","5680000","23807568"
"1212891.8","375","341","REFINED_AMBER","52","19","798913.5625","82","595"
"448836.120206","13238455","8111","REFINED_DIAMOND","904","109","25701.297975","6256","14392"
"35306.826316","718933","15603","REFINED_MINERAL","427","1276","2632.7073","1315159","86921"
"298280.014","1053364","23730","REFINED_MITHRIL","414","215","19701.592408","4654","30108"
"207973.318548","204271","29310","REFINED_TITANIUM","507","57","38605.411403","4988","38488"
"3.551567","2390564","66503495","REVENANT_FLESH","48","2858","1.441315","62301481","31127819"
"35986.112834","1040673","219277","REVENANT_VISCERA","497","596","27855.655202","218261","355388"
"189998.979927","27354","6149","ROCK_CANDY","727","879","110539.464134","10599","6309"
"1366243.369231","97","420","ROCK_GEMSTONE","27","105","988385.5","498","748"
"5.44174","2592300","105147036","ROTTEN_FLESH","52","1190","4.306559","4992035","9271781"
"4.210123","3990944","43553778","ROUGH_AMBER_GEM","63","564","2.4","1828687","597389"
"4.336472","7913284","92317474","ROUGH_AMETHYST_GEM","121","101","3.065284","2137336","4370772"
"3","14252842","155663631","ROUGH_JADE_GEM","214","298","2.010366","3871333","2836962"
"9.689003","15381586","18277557","ROUGH_JASPER_GEM","237","676","6.75876","1743548","635443"
"3.401491","752553","2946980","ROUGH_OPAL_GEM","21","420","2.620744","1017311","489392"
"2.851852","6935916","125320706","ROUGH_RUBY_GEM","105","333","2.106936","3468101","2514774"
"3.499972","9800819","139909794","ROUGH_SAPPHIRE_GEM","148","985","2.6","6558434","2285551"
"3.599511","5680136","72322209","ROUGH_TOPAZ_GEM","82","177","2.6","1462325","2080066"
"483245.75","1679","539","SADAN_BROOCH","138","187","332502.026667","883","352"
"1830.572222","27137","7757","SALMON_OPAL","208","633","467.198476","5773","2462"
"5.77845","2713998","20841614","SAND","75","550","4.158704","2473240","13421854"
"48.457889","3173777","17170277","SAND:1","84","1328","40.507581","3736724","10526712"
"7799998.4","11488","1244","SCORCHED_BOOKS","535","27","2830548.680505","48","1634"
"1063327.9","2525","2306","SEARING_STONE","182","38","934328.583333","152","5416"
"0.77681","3246684","76648458","SEEDS","56","1058","0.3","12128798","22983985"
"13.9","6951102","749170","SHARK_BAIT","137","432","8.808997","1325405","453177"
"615.170834","1256506","75438","SHARK_FIN","161","661","348.931042","947758","91982"
"1193819.771264","3123","693","SHINY_PRISM","54","373","555682.948936","3898","1718"
"9.9978","7033736","64634593","SLIME_BALL","143","987","6.404276","8521992","38550952"
"1313.837141","4563071","6154623","SLUDGE_JUICE","954","1189","1241.22813","677071","2935211"
"0.874898","5974252","147443343","SNOW_BALL","100","569","0.5","11553913","16774110"
"5.4","4878552","19997062","SNOW_BLOCK","89","1000","3.991799","5335062","15018747"
"979995","171882","1789","SOUL_FRAGMENT","91","13","126723.623789","331","3081"
"10037.013119","1835212","170153","SOUL_STRING","545","248","1186.815128","121578","185906"
"18704.735952","1350417","484667","SOULFLOW","1257","1170","13512.444693","594352","765765"
"4.699906","5061742","31212753","SPIDER_EYE","89","243","3.2","1696750","7561443"
"69.390727","1386000","3020484","SPIKED_BAIT","54","814","40.564483","1549614","3029248"
"1949998.805882","3695","1411","SPIRIT_DECOY","309","97","1578984.538158","771","1849"
"54.8","8508514","8447258","SPONGE","258","652","46.246027","1102336","766319"
"24.698528","4298799","3180043","SPOOKY_BAIT","140","350","15.381165","1549121","1868419"
"5318.138981","4414019","54448","SPOOKY_SHARD","338","159","1903.431978","70931","83653"
"408.985185","9900288","2628115","STARFALL","812","413","261.156796","1954267","4909871"
"499999.601667","5037997","14544","STOCK_OF_STONKS","981","193","315545.898303","11854","18216"
"5.595294","4066215","56194363","STRING","78","730","3.8","3126988","9901441"
"15504.956057","455682","136743","STRONG_FRAGMENT","587","239","14004.85407","70087","98975"
"2.406389","6512435","86047555","SUGAR_CANE","116","1690","1.587935","24584023","47550896"
"7.874929","2266342","10113298","SULPHUR","65","427","5.452257","2414140","5123436"
"60.995567","2915294","7565977","SULPHUR_ORE","100","3991","46.523597","2868294","1086134"
"930388.409448","211917","77840","SUMMONING_EYE","4810","5361","731584.983556","46852","81599"
"300725.086137","25972","64470","SUPER_COMPACTOR_3000","1434","6473","184327.835676","78430","107145"
"208740.066613","116071","11415","SUPER_EGG","209","224","177899.17643","100562","19745"
"104683.893275","3029465","92309","SUPERIOR_FRAGMENT","1045","268","4641.014019","25215","58289"
"22623.999422","16578","3604","SUSPICIOUS_VIAL","215","1055","6164.633275","8393","3009"
"117060.386772","707958","56730","TARANTULA_SILK","55","361","62287.126141","82964","105703"
"200.950084","22240675","19613636","TARANTULA_WEB","645","3071","131.130525","25528438","7367860"
"49932.209448","223130","3057","TIGER_SHARK_TOOTH","12","180","252.756077","44905","7678"
"499998.69","1421517","1398","TIGHTLY_TIED_HAY_BALE","328","27","233433.979519","969","1310"
"273423.54607","209404","67018","TITANIC_EXP_BOTTLE","275","537","268396.448694","55327","166014"
"62.645066","33057680","53518784","TITANIUM_ORE","624","474","50.186268","1338668","1359671"
"0","926","2","TOIL_LOG","87","13","0","16","7"
"11785.313333","351199","98403","TREASURITE","441","275","9164.23103","29689","68031"
"2533.592529","814612","1100015","UNSTABLE_FRAGMENT","368","186","2407.80402","18440","217179"
"342802.824561","13475","3823","VITAMIN_DEATH","484","588","223224.218382","2659","3763"
"115.752958","19415437","10913992","WATER_LILY","481","505","98.764206","611219","1254980"
"21835.494075","8089","69656","WEREWOLF_SKIN","26","94","15000.3","20145","86122"
"1694.36209","6366634","2996342","WHALE_BAIT","933","2292","1633.930954","2911418","4812156"
"2.537071","8565125","93747014","WHEAT","149","484","2.1","2675151","7867167"
"5941.68642","122950","695558","WHITE_GIFT","54","2786","5504.133125","2019698","766042"
"20556.347569","928908","127379","WISE_FRAGMENT","416","336","18996.134954","34793","86067"
"2268997.9","3740","2007","WITHER_BLOOD","345","126","2001838.297872","264","3024"
"251.636283","17819860","26874145","WOLF_TOOTH","675","1291","175.942264","4360963","3539946"
"100841.26701","549668","176608","WORM_MEMBRANE","115","128","2700.254249","9450","60681"
"485.832901","5742701","408098","YOGGIE","392","244","49.267117","182146","229227"
"2524.557638","1906978","1410757","YOUNG_FRAGMENT","1205","781","2371.853308","244726","480915"
